filename,chroma_stft,rmse,spectral_centroid,spectral_bandwidth,rolloff,zero_crossing_rate,mfcc1,mfcc2,mfcc3,mfcc4,mfcc5,mfcc6,mfcc7,mfcc8,mfcc9,mfcc10,mfcc11,mfcc12,mfcc13,mfcc14,mfcc15,mfcc16,mfcc17,mfcc18,mfcc19,mfcc20,label
blues.00001.wav,0.34098318219184875,0.09591842442750931,1529.8353159300755,2038.6175789692213,3548.8202074363876,0.056044256724071206,-207.55679321289062,124.00672149658203,8.930560111999512,35.87468719482422,2.91603684425354,21.523725509643555,-8.554703712463379,23.358673095703125,-10.103616714477539,11.903743743896484,-5.56038761138916,5.376802921295166,-2.239119529724121,4.216963291168213,-6.01227331161499,0.9361094236373901,-0.7165372371673584,0.29387590289115906,-0.28743094205856323,0.5315728187561035,blues
blues.00002.wav,0.363602876663208,0.17557303607463837,1552.4819582458863,1747.1659849613065,3040.514947755418,0.07630074799245357,-90.75438690185547,140.45989990234375,-29.109968185424805,31.68901252746582,-13.987035751342773,25.754762649536133,-13.64958667755127,11.629270553588867,-11.78058910369873,9.706442832946777,-13.1231107711792,5.789265155792236,-8.905223846435547,-1.0837198495864868,-9.218358993530273,2.455806016921997,-7.726901054382324,-1.815722942352295,-3.433434247970581,-2.2268214225769043,blues
blues.00003.wav,0.40477901697158813,0.14119118452072144,1070.1199533246056,1596.333947762686,2185.028454098539,0.03330894446594427,-199.43115234375,150.09921264648438,5.647593021392822,26.87192726135254,1.754461407661438,14.2383451461792,-4.830882549285889,9.297966003417969,-0.7577416300773621,8.149012565612793,-3.1963140964508057,6.087676048278809,-2.4764208793640137,-1.0738900899887085,-2.8747777938842773,0.7809770107269287,-3.316932439804077,0.6379817128181458,-0.6196900606155396,-3.408233404159546,blues
blues.00004.wav,0.3085901141166687,0.09156321734189987,1835.4946028033319,1748.3624480992835,3580.945013182082,0.1015001421004257,-160.2660369873047,126.19880676269531,-35.60544967651367,22.153301239013672,-32.4892692565918,10.864513397216797,-23.357929229736328,0.5031179785728455,-11.805832862854004,1.2068049907684326,-13.083821296691895,-2.8063833713531494,-6.9341230392456055,-7.558618068695068,-9.173553466796875,-4.51216459274292,-5.453538417816162,-0.9241607785224915,-4.409332752227783,-11.703781127929688,blues
blues.00005.wav,0.30234643816947937,0.10346758365631104,1831.9423675966689,1729.483241126701,3480.9372845818016,0.09403986975135449,-177.86904907226562,118.19690704345703,-17.550674438476562,30.758634567260742,-21.742746353149414,11.903802871704102,-20.7342472076416,3.1805975437164307,-8.583483695983887,-0.9364873170852661,-11.776274681091309,-2.420614004135132,-9.339365005493164,-9.939324378967285,-3.9098920822143555,-5.570623874664307,-1.839023470878601,-2.7784204483032227,-3.046865940093994,-8.115809440612793,blues
blues.00006.wav,0.2913080155849457,0.141795814037323,1459.0784827344287,1388.9133116502305,2795.6164286232583,0.07302790308146284,-190.14947509765625,130.2969512939453,-36.344139099121094,33.01305389404297,11.106935501098633,-0.6151583194732666,-20.862009048461914,0.27009105682373047,-6.489759922027588,-5.517093658447266,-7.840328216552734,-3.125678300857544,-6.593118190765381,-9.942267417907715,-6.537224292755127,-10.064753532409668,-10.912171363830566,-6.972477912902832,-3.449033260345459,-6.495510101318359,blues
blues.00007.wav,0.30792105197906494,0.13178548216819763,1451.7541466600387,1577.3699166309077,2955.348796076819,0.06143500266060371,-179.3954315185547,136.45924377441406,-26.65635871887207,39.98802947998047,5.289676666259766,10.92442798614502,-20.5618896484375,8.513765335083008,-11.356908798217773,-3.4690773487091064,-8.414555549621582,-6.954826354980469,-3.5445356369018555,-8.051241874694824,-8.9595365524292,-8.424336433410645,-10.558883666992188,-10.78815746307373,-4.693748474121094,-8.638612747192383,blues
blues.00008.wav,0.40903714299201965,0.1424380987882614,1719.2131626636947,2031.6438835817446,3781.318801549197,0.06402757957623839,-121.36102294921875,122.51310729980469,-14.742130279541016,46.1434440612793,-8.165332794189453,20.176525115966797,-19.172475814819336,23.05561637878418,-11.8305025100708,21.17700958251953,-6.721189975738525,7.010944843292236,-12.741830825805664,5.066003799438477,-5.175477504730225,-1.4440242052078247,-7.037070274353027,2.69745135307312,3.40980863571167,-2.698352813720703,blues
blues.00009.wav,0.27400919795036316,0.08135201781988144,1817.5163862399386,1973.7390701415939,3944.451148443547,0.0792153184258901,-213.18080139160156,115.15279388427734,-11.716266632080078,39.02947235107422,-20.35275650024414,13.082405090332031,-9.173481941223145,9.016149520874023,-14.097914695739746,4.2781782150268555,-6.039595603942871,3.78477144241333,0.2256675660610199,-5.113637447357178,-0.41306421160697937,-1.1845371723175049,-1.9207146167755127,-2.293727397918701,2.891265869140625,-4.233204364776611,blues
blues.00010.wav,0.30395451188087463,0.14293913543224335,1410.4690961427957,1512.6209828983224,2767.2749333337365,0.06298072271671827,-173.70750427246094,137.15640258789062,-23.766517639160156,26.98937225341797,-16.66842269897461,4.198450565338135,-12.566630363464355,5.834843158721924,-2.8817362785339355,-1.2086807489395142,-1.9657366275787354,1.8005352020263672,-2.9883742332458496,-1.8693885803222656,-0.8001555800437927,-3.0237812995910645,-0.4451960027217865,-1.9982273578643799,-0.7435986399650574,-4.986112594604492,blues
classical.00001.wav,0.21506379544734955,0.030627835541963577,1360.4083538769614,1441.143830985568,2387.2188981472523,0.0877715781008127,-324.05877685546875,133.61004638671875,-25.03110122680664,24.567554473876953,-11.933687210083008,17.66252899169922,-5.530693531036377,1.7166861295700073,-10.569640159606934,-0.8459786176681519,-7.798112392425537,3.522399663925171,5.0417351722717285,1.3618336915969849,3.0033457279205322,-3.1248624324798584,-4.291533470153809,0.5912182927131653,2.8719727993011475,0.3662704527378082,classical
classical.00002.wav,0.2778652310371399,0.043869055807590485,1490.0348101512677,1599.9591017638193,2784.9164933243032,0.09004972003192724,-235.25579833984375,141.12818908691406,-34.66685485839844,30.97923469543457,-16.3779354095459,23.111984252929688,-11.031444549560547,7.639467239379883,-19.008241653442383,4.235649585723877,-11.820917129516602,8.909784317016602,-1.4338719844818115,4.281025409698486,1.4821399450302124,3.187974691390991,-1.3095182180404663,2.929819345474243,-1.6610032320022583,-2.896665334701538,classical
classical.00003.wav,0.23423604667186737,0.029449770227074623,1526.6470666771077,1499.5326169159782,2915.9740341706174,0.10895172213622291,-326.8648376464844,127.39130401611328,-30.59609603881836,37.46879959106445,-5.296103000640869,20.810871124267578,-1.7786439657211304,-4.604763031005859,-4.054472923278809,5.228940963745117,-0.6458982825279236,2.8076395988464355,7.252175331115723,3.9806387424468994,-2.389035701751709,1.4909688234329224,0.5834442973136902,-0.6105860471725464,2.334468364715576,2.6497421264648438,classical
classical.00004.wav,0.22317080199718475,0.04229988902807236,1705.7046109371424,1646.2929709871446,3175.7391300732875,0.1128666644494969,-259.90997314453125,118.93929290771484,-35.61185073852539,31.977638244628906,-16.529281616210938,10.622127532958984,-15.651277542114258,7.435394763946533,-5.812291622161865,8.267930030822754,-18.012741088867188,-1.1968321800231934,-6.347265243530273,2.7614517211914062,-2.59257435798645,4.384807586669922,-4.136895179748535,-4.779472827911377,-4.772360324859619,-4.608322620391846,classical
classical.00005.wav,0.2685815691947937,0.04327157512307167,1431.4275607948398,1558.3881491925486,2836.6578471180824,0.07523877406636997,-264.2473449707031,138.14891052246094,-30.094566345214844,37.81559753417969,-7.1737751960754395,6.776308059692383,-11.798504829406738,4.712851047515869,-9.830426216125488,5.849233150482178,-9.574091911315918,2.6678671836853027,-4.791535377502441,-1.4049915075302124,-2.0943424701690674,2.9842090606689453,3.3614771366119385,4.814610958099365,1.7617614269256592,-1.826767086982727,classical
classical.00006.wav,0.26148930191993713,0.033231887966394424,1372.825806692258,1579.3098868178868,2737.933444091041,0.07292321739551083,-295.702880859375,134.53509521484375,-22.447181701660156,40.74152374267578,-5.877058029174805,9.267066955566406,-11.864937782287598,6.293622016906738,-8.86072063446045,4.400858402252197,-9.37381649017334,4.0623698234558105,1.6280914545059204,5.138569355010986,5.442816734313965,2.285078525543213,-1.816668152809143,-2.923229932785034,0.13503490388393402,3.1974360942840576,classical
classical.00007.wav,0.2765292227268219,0.04087373614311218,1358.918358314813,1516.2085229561187,2667.9005342371324,0.07314694998065016,-286.83843994140625,135.91944885253906,-24.437114715576172,36.648643493652344,-6.2344560623168945,6.954075336456299,-8.1627779006958,3.839327573776245,-4.390523910522461,6.429920196533203,-4.12374210357666,1.5436681509017944,-4.346956729888916,-3.0189778804779053,-0.00531412148848176,5.652413845062256,3.437009811401367,2.830976963043213,1.0971744060516357,-0.29430416226387024,classical
classical.00008.wav,0.2547735869884491,0.03403812646865845,1516.6262193385692,1629.5007047891386,2973.7820179469813,0.07878788336880804,-292.1282958984375,127.76905059814453,-29.90104103088379,37.43019104003906,-9.54702377319336,5.11370325088501,-13.81169605255127,7.026101112365723,-7.03017520904541,6.489696979522705,-9.906081199645996,4.709106922149658,0.3772055208683014,1.464333415031433,3.3936734199523926,6.0765380859375,0.9634286165237427,-0.7536595463752747,-2.1053125858306885,0.7551324367523193,classical
classical.00009.wav,0.2704782783985138,0.023797711357474327,1216.2937624027388,1582.801550966995,2560.2595184609618,0.05627025686919505,-356.1422119140625,139.80580139160156,-6.278478145599365,43.17628860473633,-8.859081268310547,11.042576789855957,-8.373958587646484,4.4157562255859375,-8.290999412536621,8.676971435546875,-8.13815975189209,3.4242939949035645,-1.4383350610733032,-0.41947224736213684,-1.7267193794250488,-0.28363022208213806,-0.6535379886627197,1.160549283027649,-0.6248409748077393,-0.25753170251846313,classical
classical.00010.wav,0.24501508474349976,0.0295126773416996,1497.196639303261,1570.533625176997,2868.1493233601004,0.08621640987809598,-315.01275634765625,128.72962951660156,-28.923030853271484,30.837602615356445,-8.995137214660645,7.980527877807617,-9.84743881225586,1.4504841566085815,-8.96462345123291,6.052196979522705,-3.320049524307251,7.604282855987549,3.7933433055877686,2.932729721069336,1.838371753692627,5.208351135253906,1.0746670961380005,0.14240437746047974,-4.536049842834473,-2.303605079650879,classical
country.00001.wav,0.4137912690639496,0.23052756488323212,2937.896020074051,2839.611506877521,6279.31202985923,0.12698751632643188,-7.974047660827637,62.72600555419922,-1.4571495056152344,28.117176055908203,9.973575592041016,9.352960586547852,5.4181108474731445,9.824175834655762,3.0284435749053955,8.428133010864258,0.31210094690322876,6.545516014099121,0.7369855046272278,-1.775277853012085,0.8511251211166382,2.983987331390381,-2.765436887741089,2.823751926422119,-1.7427417039871216,0.9720841646194458,country
country.00002.wav,0.29721105098724365,0.14617469906806946,2307.323592465213,2618.0420834247384,5187.1019676373835,0.0741337165005805,-120.69000244140625,79.32585144042969,5.460901260375977,34.812591552734375,16.550552368164062,13.152815818786621,6.240971565246582,9.985294342041016,-1.9838727712631226,6.765638828277588,-6.290936470031738,0.2751844525337219,-6.704042434692383,1.6403249502182007,-1.7487248182296753,-0.670744001865387,-4.839207172393799,-0.279193639755249,-5.387186527252197,-1.9339624643325806,country
country.00003.wav,0.37689441442489624,0.20436358451843262,2174.0338689308455,2280.8886059792026,4347.882042285459,0.1025643835864938,-57.736473083496094,95.77021789550781,-10.117164611816406,40.98030090332031,13.977518081665039,-0.9865093231201172,-0.1834428608417511,7.431218147277832,-3.6269545555114746,9.549538612365723,-2.9399421215057373,2.432668685913086,1.996366262435913,-1.285581350326538,1.3564090728759766,4.421023368835449,-6.525969505310059,-0.03470028191804886,-1.4140509366989136,-3.078824996948242,country
country.00004.wav,0.3827809989452362,0.2094975709915161,2966.0860947459514,2848.1067485730414,6349.153274205447,0.12416100280572756,-20.74787139892578,62.95392990112305,2.302431344985962,30.770090103149414,6.971360683441162,6.502923011779785,6.31989049911499,9.867337226867676,3.4358162879943848,9.37846565246582,-0.4014444649219513,7.521360397338867,-0.9834936857223511,4.021631240844727,-0.6596970558166504,-0.061314988881349564,-0.1664411723613739,0.24156080186367035,-5.4400129318237305,1.827358365058899,country
country.00005.wav,0.41733989119529724,0.2039422243833542,2926.718500162822,2735.991304925361,6171.979345551954,0.13645079999516255,-24.686296463012695,62.38800048828125,-7.781105041503906,28.539443969726562,10.944779396057129,5.606692790985107,0.022292984649538994,13.830589294433594,3.0181639194488525,9.872788429260254,0.8244979381561279,5.876565456390381,-1.2600595951080322,2.9979000091552734,0.9432359933853149,2.0834624767303467,3.042086362838745,3.0536885261535645,-0.12730666995048523,3.6282501220703125,country
country.00006.wav,0.42083337903022766,0.21458648145198822,2800.075712176965,2773.1029929178335,6003.997027984714,0.12843724300986842,-23.121366500854492,71.35484313964844,1.399963140487671,24.479936599731445,16.348752975463867,4.515489101409912,-3.977346658706665,18.044265747070312,-3.352922201156616,2.4759652614593506,2.9791765213012695,0.8394414186477661,-1.1439127922058105,0.17121224105358124,-3.3011834621429443,0.1846269816160202,-1.2146745920181274,-1.5645211935043335,-2.7536585330963135,-2.1147313117980957,country
country.00007.wav,0.42153841257095337,0.24419903755187988,2898.717713090442,2878.9814413851964,6399.852967631337,0.11293582502902477,-20.775875091552734,64.90670776367188,6.771146297454834,26.36333656311035,11.670751571655273,13.185673713684082,-1.984930157661438,8.575973510742188,0.4733579158782959,7.446062088012695,-0.4083005487918854,6.953744888305664,3.6621053218841553,2.028829336166382,0.6481364965438843,4.3837127685546875,-2.8071322441101074,2.9762825965881348,-1.8350087404251099,-2.3656883239746094,country
country.00008.wav,0.3553747236728668,0.2743224501609802,2505.93306934587,2573.3741432487495,5478.441872611504,0.10473972946497678,-19.693967819213867,76.6803970336914,-4.850459098815918,32.24991989135742,7.665463924407959,17.226375579833984,-1.467687726020813,9.143712043762207,2.716980218887329,9.115653038024902,-2.695094585418701,7.510435104370117,0.33823707699775696,4.932065963745117,2.7990124225616455,1.8910868167877197,2.456873655319214,6.403832912445068,-3.3339779376983643,6.3205060958862305,country
country.00009.wav,0.429775595664978,0.23661629855632782,3191.4254405887636,2948.092200612641,6926.2747844306305,0.15687886996904024,12.194374084472656,58.97861862182617,0.9197970628738403,26.74904441833496,9.25271987915039,3.576657772064209,1.5851911306381226,8.647261619567871,0.9693527221679688,11.629055976867676,-2.1579415798187256,1.1952241659164429,0.4730810821056366,4.409820079803467,-0.16900934278964996,3.1038320064544678,-1.18156099319458,4.545528888702393,0.8623576164245605,1.2684242725372314,country
country.00010.wav,0.29138773679733276,0.07470307499170303,1861.0571941965711,2127.1160422511193,3768.5688786462365,0.07651125314434984,-197.70947265625,106.5113525390625,-4.430847644805908,37.651309967041016,-0.8637198209762573,-0.9580895304679871,-3.4499807357788086,-0.051998741924762726,-9.299806594848633,-5.163993835449219,-4.248115062713623,-3.5515472888946533,-1.3462941646575928,-7.114145278930664,-1.6147003173828125,-2.4876761436462402,-5.053354740142822,0.3053082227706909,1.0697002410888672,-1.6612801551818848,country
disco.00001.wav,0.4119885563850403,0.17718163132667542,3290.4137171837783,2766.2175440717315,6514.760606133901,0.18854685685952013,-28.90292739868164,51.972694396972656,-7.6139984130859375,21.603647232055664,8.129972457885742,18.12289810180664,6.877110481262207,6.585477352142334,0.7295567989349365,11.14732837677002,-1.8446520566940308,1.6655679941177368,-2.6254589557647705,-1.3949525356292725,-3.6189732551574707,0.19466790556907654,-0.5022026300430298,2.4938087463378906,-3.475801467895508,-0.1303505003452301,disco
disco.00002.wav,0.4120083451271057,0.16136085987091064,3591.6726864472093,3398.2632140715696,8074.176176561291,0.1533482790731424,-53.15826416015625,57.177268981933594,21.16815948486328,11.323274612426758,18.12449836730957,1.6688193082809448,0.34717726707458496,2.323513984680176,-5.109531402587891,2.7494122982025146,3.152142286300659,-5.520358085632324,-3.1650421619415283,-0.5193571448326111,-2.646778106689453,-1.9879822731018066,-1.2373765707015991,-3.37052583694458,-3.7326724529266357,-1.439618706703186,disco
disco.00003.wav,0.4947390854358673,0.19666725397109985,3048.50913049107,2722.5687272359764,6212.679099446111,0.14965177837171054,-44.22837829589844,52.206573486328125,3.302889347076416,43.821128845214844,12.623908042907715,24.42641830444336,4.966989040374756,15.335742950439453,2.065467119216919,10.381589889526367,-1.5179632902145386,8.836676597595215,0.41912057995796204,4.697772026062012,-1.7838093042373657,2.955857515335083,-2.018394708633423,-3.3864333629608154,-4.195101737976074,-0.4228084683418274,disco
disco.00004.wav,0.3821416199207306,0.11459798365831375,3328.8039424620447,3111.8215190633687,7196.339818050987,0.16905150989260836,-83.5569076538086,64.4779052734375,5.657515048980713,2.7030189037323,0.7909235954284668,6.1712799072265625,1.894227385520935,1.9829494953155518,-1.815834879875183,1.852294683456421,2.4551820755004883,-0.22894145548343658,2.9553751945495605,-3.3826329708099365,-0.8767818212509155,0.050742585211992264,-1.5664405822753906,0.5575878024101257,0.29927611351013184,-2.7845308780670166,disco
disco.00005.wav,0.44931185245513916,0.20737501978874207,2722.0570843845812,2569.155880175184,5469.391927335285,0.14455203596652477,-24.676063537597656,73.73995208740234,-11.565220832824707,28.397361755371094,6.239518642425537,2.4646546840667725,8.632424354553223,12.313292503356934,-4.100419521331787,13.394234657287598,1.9146260023117065,-0.975480318069458,0.6060670018196106,2.3660812377929688,-3.786755323410034,-0.9272538423538208,-0.8818674683570862,-3.493236541748047,-0.9698864221572876,0.11853400617837906,disco
disco.00006.wav,0.47394832968711853,0.19201502203941345,2848.186030123322,2490.5706034471855,5506.541702695676,0.16366529907604488,-14.557193756103516,65.2037582397461,-19.879186630249023,31.512121200561523,-4.827591896057129,11.86234188079834,9.990596771240234,5.957132339477539,-3.801478147506714,9.382820129394531,-4.385249614715576,3.3407461643218994,-4.447218418121338,-1.2698431015014648,-0.8395495414733887,-2.2001593112945557,-4.737130641937256,-2.6174352169036865,-7.4667181968688965,0.2291896641254425,disco
disco.00007.wav,0.43157410621643066,0.15967512130737305,3099.103215917834,2728.2861002493364,6098.254791354248,0.1402841101489938,-53.417545318603516,56.164703369140625,-6.32000732421875,31.619733810424805,4.653521537780762,16.347326278686523,4.1180100440979,1.881879210472107,-0.3872671127319336,2.49849009513855,-0.5399676561355591,0.9585314393043518,0.49558043479919434,-0.16544926166534424,-1.8139328956604004,-2.532236099243164,0.8146336078643799,-0.3435426652431488,0.5601921677589417,2.7857704162597656,disco
disco.00008.wav,0.4553610384464264,0.1906336545944214,2802.4924207319864,2424.943830022039,5449.517047515964,0.16440792497097523,-32.43855285644531,65.0002212524414,-26.698081970214844,30.283214569091797,5.743810653686523,11.74169635772705,-2.1542580127716064,10.453221321105957,-2.36072039604187,5.3258137702941895,-3.807717800140381,-0.8607079386711121,-0.18975281715393066,3.464437961578369,-3.012357234954834,0.43400394916534424,-0.9313924908638,1.1762782335281372,0.0034731461200863123,2.857915163040161,disco
disco.00009.wav,0.44206860661506653,0.11905476450920105,3016.6098872962975,2623.3938647919376,5954.6306598297215,0.17065354102167182,-68.94266510009766,63.13087844848633,-15.85427474975586,28.002866744995117,8.183781623840332,7.321903705596924,-4.935305118560791,9.494993209838867,-0.9737650156021118,-1.603707194328308,-6.190395832061768,-3.936929702758789,-1.1699789762496948,-6.541955947875977,-6.176915645599365,-5.0455217361450195,-4.407592296600342,-5.374967575073242,-1.6529970169067383,-0.8884128928184509,disco
disco.00010.wav,0.4375954866409302,0.2329142838716507,2877.5956513494793,2624.0719890830214,5865.939529466186,0.15032410990712075,-6.7661027908325195,61.124080657958984,-16.660629272460938,27.434709548950195,7.720403671264648,16.006454467773438,4.633614540100098,11.452742576599121,0.34183627367019653,9.8406400680542,3.1885335445404053,5.026610374450684,-1.8635544776916504,1.4804494380950928,0.941627025604248,-0.4385300278663635,-0.7304712533950806,4.445536136627197,-1.84186589717865,-0.6033740043640137,disco
hiphop.00001.wav,0.45732057094573975,0.28571370244026184,2808.0997679298553,2441.3745890353525,5527.4999092976,0.09764869146671827,-81.1132583618164,49.599605560302734,-14.54953670501709,57.982452392578125,6.84335994720459,27.147626876831055,-6.849032878875732,31.30970573425293,-10.073356628417969,20.325103759765625,-2.530991792678833,12.747553825378418,3.9741837978363037,13.23518180847168,-2.3735110759735107,12.263859748840332,-7.043197154998779,4.747927665710449,1.869253396987915,0.020621616393327713,hiphop
hiphop.00002.wav,0.4042012691497803,0.09352467209100723,1490.267513454904,1909.6810221830556,3093.439627727119,0.05873774005901703,-202.87655639648438,132.39430236816406,12.000446319580078,43.78243637084961,-10.238207817077637,17.13126564025879,-13.570457458496094,15.054471015930176,-16.26504898071289,9.428828239440918,-11.652181625366211,7.057295799255371,-4.319985866546631,0.8406473398208618,-5.607071399688721,1.2638007402420044,-6.9798264503479,0.3904228210449219,-2.4365711212158203,-2.93376088142395,hiphop
hiphop.00003.wav,0.46731486916542053,0.26652857661247253,2493.0197312580017,2330.449777497056,5126.477334226248,0.10351449122000773,-40.242069244384766,80.84265899658203,-25.655071258544922,38.440738677978516,-11.085505485534668,24.921871185302734,-7.378600120544434,26.783885955810547,-5.297750473022461,16.80594825744629,-3.5081238746643066,8.460378646850586,-5.603222846984863,12.062440872192383,-1.897767424583435,10.490498542785645,0.6477973461151123,0.2722488343715668,-5.096878528594971,-4.008609294891357,hiphop
hiphop.00004.wav,0.4493068754673004,0.2006690502166748,2372.196733389424,2358.517862260906,5059.227740875339,0.09989130829140867,-140.29830932617188,71.62476348876953,-3.7872774600982666,39.025875091552734,4.188935279846191,31.548900604248047,-3.965097665786743,19.78854751586914,-3.764104127883911,16.026464462280273,-3.1850271224975586,11.853031158447266,-1.2588574886322021,5.774302959442139,1.2639154195785522,1.6553902626037598,-0.8383980989456177,1.6213337182998657,-4.061203956604004,1.143646478652954,hiphop
hiphop.00005.wav,0.4904952347278595,0.26176032423973083,2709.1219422212534,2510.8100651274844,5795.106624449739,0.1246141368759675,-11.67771053314209,81.98599243164062,-8.517812728881836,52.77767562866211,-14.720304489135742,31.973508834838867,-19.69644546508789,22.88531494140625,-14.719507217407227,14.520060539245605,-10.102256774902344,14.009845733642578,-8.080094337463379,7.44473123550415,-5.502744674682617,12.853198051452637,-3.69706654548645,6.23660945892334,-2.5838470458984375,0.11814282834529877,hiphop
hiphop.00006.wav,0.46395033597946167,0.2707130014896393,2858.8798345545956,2639.9826427287944,6049.246754365809,0.12823807565789475,-59.63766098022461,63.888736724853516,3.47031831741333,45.265769958496094,-1.1732045412063599,28.261030197143555,-13.181170463562012,23.612428665161133,-6.631864070892334,16.486183166503906,-7.287611484527588,14.490754127502441,-5.792003631591797,8.18321704864502,-6.876458168029785,6.740479469299316,-4.470376014709473,0.9606615304946899,-7.134398460388184,-1.2679167985916138,hiphop
hiphop.00007.wav,0.4323318302631378,0.2641170918941498,2046.684934575461,2268.53301539857,4551.822475752225,0.07867374951625387,-58.45391845703125,103.08833312988281,-7.244473934173584,44.90715789794922,-8.638167381286621,12.359679222106934,-13.77059555053711,19.99372100830078,-13.142526626586914,17.15361976623535,-3.961606502532959,15.589926719665527,-0.4679710566997528,6.933028221130371,-6.031800746917725,5.637760162353516,-3.175907850265503,1.817842721939087,-2.5654590129852295,0.10678306221961975,hiphop
hiphop.00008.wav,0.45341411232948303,0.14188353717327118,3069.324955797573,2349.351519396498,5752.831880079334,0.17691578584558823,-111.1395492553711,55.198238372802734,-18.447948455810547,47.22224807739258,-24.788524627685547,22.529869079589844,-21.13967514038086,12.544999122619629,-15.850153923034668,16.29698371887207,-12.564763069152832,9.608366012573242,-12.12858772277832,4.8488874435424805,-2.2145047187805176,6.882360458374023,0.49238893389701843,13.003800392150879,5.956088542938232,5.439587116241455,hiphop
hiphop.00009.wav,0.5606378316879272,0.21570898592472076,2199.8238356893144,2285.513016125997,4790.8043639947755,0.09832480226876934,-95.0602035522461,94.20536041259766,-2.5152666568756104,49.536983489990234,-6.620733261108398,33.20207595825195,-7.600579738616943,20.96518325805664,-8.858945846557617,16.795013427734375,-5.250428676605225,10.775789260864258,-3.4663524627685547,7.307309627532959,-3.4487600326538086,3.8437137603759766,-3.229571580886841,1.795725703239441,0.08717957884073257,4.004009246826172,hiphop
hiphop.00010.wav,0.42733731865882874,0.17169298231601715,2284.557521257939,2116.588410685136,4663.488467189919,0.12547203040344426,-67.4282455444336,94.83875274658203,-38.854591369628906,37.64289855957031,-12.254199981689453,36.899688720703125,-12.653230667114258,18.295713424682617,-8.850542068481445,17.98565101623535,-7.274233341217041,9.716127395629883,-8.746054649353027,4.502260208129883,-7.5929412841796875,0.22451645135879517,-4.872643947601318,4.849437713623047,-2.001779794692993,-0.751480221748352,hiphop
jazz.00001.wav,0.3281187415122986,0.022798536345362663,1266.4058317384981,1691.4229500571107,2410.4187578608744,0.0592777972619969,-345.7331848144531,146.9850311279297,-0.5078548192977905,22.641496658325195,5.8137431144714355,10.344735145568848,-0.1631346195936203,-1.716213345527649,-6.112290859222412,-0.510688304901123,1.0300213098526,1.222565770149231,-1.9426530599594116,-5.551130294799805,-4.402623653411865,-2.6045053005218506,-5.194559097290039,-5.416316986083984,-3.1221542358398438,-0.7923725843429565,jazz
jazz.00002.wav,0.267640084028244,0.08083954453468323,1064.810563899727,1050.4191721045784,1896.0302016314338,0.0578726659249226,-256.98834228515625,175.32034301757812,-44.813541412353516,25.668169021606445,-4.256997108459473,-0.2174321711063385,-11.323568344116211,-9.182984352111816,-4.099383354187012,-8.296616554260254,-22.55093002319336,-7.6050286293029785,-7.65057897567749,-11.742022514343262,-8.173052787780762,-7.497920513153076,-12.295747756958008,-6.769270420074463,-3.495534896850586,-8.644750595092773,jazz
jazz.00003.wav,0.31931272149086,0.059495944529771805,813.2937292486012,1058.8989210322957,1417.008098212558,0.04467433303502322,-297.2151184082031,193.0965118408203,10.161528587341309,-1.6211440563201904,3.406233310699463,9.992918968200684,-7.258911609649658,4.6816511154174805,-5.393216133117676,-2.867310047149658,-10.227100372314453,0.3788608908653259,-4.962201118469238,3.240837574005127,-4.476338863372803,-1.8910645246505737,-2.2728445529937744,3.8833167552948,0.3442516028881073,-2.21415638923645,jazz
jazz.00004.wav,0.17178232967853546,0.1087859570980072,1039.6234195230538,1422.3030976517862,1838.2138845721265,0.04776879656056501,-270.2648010253906,137.5717315673828,5.658533573150635,42.47748565673828,-7.9488301277160645,9.917952537536621,-6.799089431762695,8.23432731628418,-6.188286304473877,5.467932224273682,-5.434448719024658,-5.186267375946045,-6.990922927856445,-3.236811876296997,-2.00781512260437,4.412518501281738,1.9913103580474854,4.985073089599609,6.582727909088135,-2.42680287361145,jazz
jazz.00005.wav,0.24823616445064545,0.1075546070933342,1268.0614969718397,1546.300122086946,2486.20163294553,0.057861328125,-246.2917938232422,120.19246673583984,-0.9265087842941284,30.691043853759766,0.19787371158599854,23.14681625366211,0.43935486674308777,9.164963722229004,-0.5771620273590088,5.7074294090271,-3.750744104385376,4.230027675628662,-0.2787379324436188,7.448168754577637,0.7221711874008179,7.078672409057617,0.8635956645011902,0.9533559083938599,1.7369513511657715,-1.3454915285110474,jazz
jazz.00006.wav,0.27487531304359436,0.09862621128559113,1219.8050188390007,1459.2374987448209,2416.718719765867,0.04806244557856037,-234.33340454101562,142.72740173339844,-14.275287628173828,51.93309020996094,-8.188918113708496,12.758156776428223,-4.291445255279541,12.068743705749512,-13.704344749450684,-1.5559346675872803,-3.970850944519043,4.92963171005249,-3.9329066276550293,2.1843526363372803,-6.6756768226623535,-9.760015487670898,-4.469235897064209,-5.53651762008667,-1.1664395332336426,-1.1048170328140259,jazz
jazz.00007.wav,0.19723133742809296,0.09376991540193558,1169.8647198156075,1355.4242331150208,1958.0381600111261,0.06483445300406347,-291.9832763671875,137.7213134765625,2.6626510620117188,35.609703063964844,-12.30632209777832,15.587727546691895,-6.7906904220581055,-2.8344085216522217,-3.785069227218628,-3.4803054332733154,-1.7254447937011719,10.400040626525879,8.315606117248535,5.229090213775635,0.3231889009475708,0.37870103120803833,-1.479479193687439,-0.7551892399787903,-6.327672958374023,-5.542215824127197,jazz
jazz.00008.wav,0.3573978841304779,0.11861355602741241,1304.575755968974,1636.5617916271185,2723.9168621807275,0.04627485245743034,-189.88980102539062,134.41741943359375,-25.67104721069336,45.73757553100586,8.203895568847656,21.44368553161621,-4.5734968185424805,14.383874893188477,-12.654487609863281,10.276299476623535,-7.929965496063232,-1.14119553565979,-5.041017532348633,2.4134323596954346,-5.010100364685059,-2.1557435989379883,-4.240499973297119,1.8408610820770264,-0.4402879774570465,-4.7680583000183105,jazz
jazz.00009.wav,0.26706305146217346,0.08539306372404099,749.2628446914877,1210.8266507815285,1133.3681466778735,0.03169028456366099,-296.6715393066406,172.3872833251953,16.88698387145996,18.925457000732422,1.3782875537872314,14.37096118927002,1.0063328742980957,9.509490966796875,-7.414562225341797,3.517080068588257,-7.648564338684082,-0.11009419709444046,-7.95120906829834,-3.1955552101135254,-8.075702667236328,-4.05966854095459,-0.8353798985481262,-3.870213270187378,-2.8191375732421875,-6.9234466552734375,jazz
jazz.00010.wav,0.3297196626663208,0.06415840238332748,829.0965651223275,1037.5342313338645,1553.448939840122,0.033065559694272446,-318.79510498046875,162.68740844726562,-16.463136672973633,39.1350212097168,31.46165657043457,15.262310981750488,-0.6896596550941467,5.796035289764404,-8.643684387207031,-4.003904819488525,1.3710150718688965,0.08611053973436356,-3.091465711593628,-1.5264925956726074,-1.5727739334106445,-4.87537956237793,-4.2579569816589355,-1.2956616878509521,-0.7598323225975037,-4.431140899658203,jazz
metal.00001.wav,0.47689691185951233,0.0973166823387146,2922.8385503757477,2620.808960088453,6036.880162478232,0.15290156975619196,-80.11874389648438,64.84520721435547,-15.465497970581055,46.8404655456543,7.911005020141602,21.762399673461914,-2.1767890453338623,21.98709487915039,-7.712606430053711,11.145546913146973,-4.287616729736328,11.442523002624512,-10.365327835083008,11.728631019592285,-7.096006393432617,5.9309563636779785,-9.025594711303711,5.507719993591309,-6.199700355529785,3.1267974376678467,metal
metal.00002.wav,0.43248799443244934,0.1328004002571106,2198.53454924538,2005.99779002366,4446.439779653638,0.12839302559017027,-62.183616638183594,115.1874008178711,-42.804534912109375,54.30018997192383,-24.873859405517578,20.12632942199707,-21.629230499267578,20.84202003479004,-8.389678955078125,20.324176788330078,-10.727164268493652,9.662311553955078,-14.543764114379883,6.927252292633057,-7.479272842407227,5.968114376068115,-3.471040964126587,6.574542999267578,-6.5745768547058105,2.961322546005249,metal
metal.00003.wav,0.4871320426464081,0.1502191126346588,2751.9089641030187,2205.673206467208,5234.418348188371,0.16671025420859134,-43.033790588378906,75.39137268066406,-47.83639144897461,53.018218994140625,-12.33238410949707,36.869075775146484,-8.279958724975586,28.403268814086914,-14.525649070739746,22.100601196289062,-7.353393077850342,15.969378471374512,-13.137336730957031,12.259780883789062,-10.445486068725586,5.937641143798828,-6.679901599884033,5.27703857421875,-2.329496383666992,3.5910191535949707,metal
metal.00004.wav,0.6347616314888,0.06347472220659256,3403.1019046851966,2825.1337422327906,6902.89159249226,0.19242362857972137,-107.10363006591797,47.65554428100586,-8.620057106018066,38.4006462097168,8.461631774902344,9.544569969177246,1.0179804563522339,20.748550415039062,0.7163408994674683,11.784666061401367,1.1657320261001587,11.062811851501465,-2.5301520824432373,7.580200672149658,-4.1970624923706055,7.077186107635498,-6.621544361114502,4.543788433074951,-4.262344837188721,4.291027545928955,metal
metal.00005.wav,0.4225204885005951,0.12178564071655273,2464.4709483219676,2204.25535951681,4951.478392420908,0.13437825016931115,-79.6248779296875,93.47835540771484,-27.764328002929688,64.0899429321289,-18.81692886352539,23.334781646728516,-10.547911643981934,13.371373176574707,-17.54644775390625,16.404260635375977,-10.060648918151855,8.95443344116211,-16.092287063598633,4.291079998016357,-14.807441711425781,0.27184566855430603,-8.219497680664062,3.4187192916870117,-3.7245004177093506,-2.4383420944213867,metal
metal.00006.wav,0.4339597225189209,0.05046411231160164,3237.5339087045945,2573.139781663096,6229.245665937016,0.1981254081607972,-140.75721740722656,55.921451568603516,-12.295086860656738,44.329002380371094,-10.602005958557129,10.874855995178223,-0.9566261172294617,22.245391845703125,-9.38475513458252,15.246403694152832,-3.067119836807251,9.075996398925781,-8.798242568969727,8.750060081481934,-12.117431640625,5.550459861755371,-12.494837760925293,6.354935646057129,-3.8608360290527344,4.729476451873779,metal
metal.00007.wav,0.5813571214675903,0.06949970871210098,2939.523998386432,2522.7782131151303,5806.856553399526,0.16837313153057276,-108.06696319580078,65.77055358886719,-20.833778381347656,47.55810546875,0.861491322517395,8.988717079162598,-3.20744252204895,20.976619720458984,-10.341529846191406,7.872307777404785,-8.122288703918457,12.043258666992188,-9.148093223571777,7.006191253662109,-8.747401237487793,5.782763957977295,-12.36386489868164,3.44150447845459,-7.371761798858643,4.869835376739502,metal
metal.00008.wav,0.46658793091773987,0.05841193348169327,2964.6066307239516,2758.4038372914306,6187.337586016109,0.14055924076044893,-149.95932006835938,67.90422058105469,-6.691159725189209,32.08433532714844,6.0800628662109375,12.23759651184082,9.13692569732666,10.185463905334473,3.7733283042907715,10.598207473754883,0.774042010307312,7.716768264770508,-1.1577268838882446,-3.3025801181793213,-7.533125400543213,0.41828715801239014,-4.004878044128418,1.2623411417007446,1.4797792434692383,5.482964515686035,metal
metal.00009.wav,0.5271232724189758,0.3128465712070465,2250.756103631523,2390.0695938357553,5112.344086354731,0.09467932166698917,3.6667487621307373,104.75760650634766,-0.8280397653579712,55.94703674316406,-29.227596282958984,31.261241912841797,-14.197182655334473,20.211076736450195,-8.284906387329102,15.185978889465332,-14.59123420715332,15.670372009277344,-12.993230819702148,15.288284301757812,-6.9312920570373535,9.864686012268066,-6.504297733306885,4.9038238525390625,-0.7812835574150085,6.459007740020752,metal
metal.00010.wav,0.5418471097946167,0.11815818399190903,3048.391495114449,2358.808568048542,5662.390760297746,0.19654038373161764,-58.70029067993164,70.56062316894531,-19.426044464111328,73.60167694091797,-27.77086067199707,23.763477325439453,-17.90904998779297,21.232086181640625,-16.95049285888672,16.142337799072266,-15.231602668762207,14.874547958374023,-18.712636947631836,11.311266899108887,-14.64285659790039,4.311187267303467,-12.725886344909668,1.1717709302902222,-8.019719123840332,0.9256154298782349,metal
pop.00001.wav,0.4129413664340973,0.26241371035575867,3702.9878687281407,3431.8058408654438,8073.092849778686,0.14947642039957432,-59.19768142700195,45.25197219848633,36.83773422241211,15.681740760803223,15.643534660339355,1.6820248365402222,7.307880401611328,8.8333101272583,5.848405838012695,8.018320083618164,-2.257629156112671,1.9094573259353638,-0.9208444952964783,0.03296085074543953,0.08709272742271423,-0.8329022526741028,5.581454753875732,3.830308198928833,5.57799768447876,4.9218034744262695,pop
pop.00002.wav,0.4178297817707062,0.2152150422334671,3213.614161294748,3269.6752700348998,7424.096774169166,0.11886851780185759,-59.59366989135742,62.98097229003906,31.13754653930664,16.936275482177734,8.896949768066406,10.802464485168457,10.56423282623291,5.171700954437256,5.409763336181641,6.159843444824219,2.274726152420044,4.252082824707031,4.1220221519470215,5.728729724884033,5.064749240875244,5.6695332527160645,1.414350152015686,2.8177459239959717,-1.4015127420425415,-3.3749923706054688,pop
pop.00003.wav,0.4099874198436737,0.12940086424350739,1837.1232438528277,2066.8898740394166,3670.894469270027,0.08535171367066563,-125.88905334472656,126.62519073486328,-23.190811157226562,36.23005676269531,20.963783264160156,-1.179524302482605,16.489362716674805,-3.6680610179901123,6.522494792938232,9.33733081817627,-6.408222675323486,3.8835244178771973,-7.945909023284912,2.0539488792419434,-2.3379387855529785,-1.4833298921585083,4.753721237182617,-3.514641523361206,4.894723892211914,-3.201470136642456,pop
pop.00004.wav,0.38433775305747986,0.2112339287996292,2753.1754730445987,2861.3942500179373,5986.147135920569,0.12376304602844428,-20.881364822387695,83.23877716064453,5.044181823730469,16.371776580810547,9.408467292785645,-0.5604482889175415,4.052640914916992,6.207681655883789,9.121804237365723,5.865313529968262,-3.5056838989257812,-0.6374331116676331,-3.1726746559143066,1.5448379516601562,-0.9218054413795471,-2.961458206176758,-1.3291658163070679,-0.8670011758804321,0.6971095204353333,-1.7648980617523193,pop
pop.00005.wav,0.32328465580940247,0.13958106935024261,2289.8225244711934,2435.7587190222143,4746.421299039764,0.10678053345104489,-113.61650848388672,90.02957153320312,-5.535826683044434,25.5955753326416,2.616612195968628,3.1858084201812744,1.1349040269851685,6.138381004333496,2.802691698074341,-1.865761637687683,-7.130451202392578,-3.4411606788635254,-5.912327766418457,-4.343137741088867,-4.946289539337158,-4.376622200012207,-3.313488721847534,-5.441469192504883,-0.5705595016479492,-2.177703857421875,pop
pop.00006.wav,0.37462881207466125,0.09398271888494492,2125.267705090991,2673.801945534496,4978.811560474313,0.06769535785119969,-169.12222290039062,94.6483154296875,24.50824737548828,27.4209041595459,11.644342422485352,14.908937454223633,4.239871025085449,12.359824180603027,10.696877479553223,5.12988805770874,-0.33267486095428467,1.2545326948165894,-4.152501106262207,-3.1281814575195312,0.29503217339515686,-3.55159330368042,-2.806368112564087,-5.756839752197266,-5.214617729187012,-0.09605313092470169,pop
pop.00007.wav,0.25157657265663147,0.08431392908096313,1968.4205121606221,2326.8357602879937,4127.1500436883225,0.08234492913119196,-224.42965698242188,107.3074722290039,-1.5676522254943848,13.869624137878418,8.125009536743164,-9.374604225158691,8.12318229675293,9.292530059814453,9.099503517150879,6.026834487915039,-6.651410102844238,2.0718085765838623,6.1987223625183105,8.333520889282227,7.580191612243652,2.06862473487854,4.557360649108887,1.2226595878601074,-1.6395728588104248,-3.712766647338867,pop
pop.00008.wav,0.40385425090789795,0.19551539421081543,2885.067672495679,3009.8214510054945,6430.411116183726,0.1213038772252322,-52.50200653076172,74.02991485595703,12.758995056152344,24.491870880126953,21.09938621520996,1.9099169969558716,6.796228885650635,4.7285895347595215,8.408051490783691,8.245126724243164,-2.268526077270508,-1.207785964012146,-2.691103458404541,0.2612028419971466,-1.0596433877944946,-0.8425074815750122,-1.2492815256118774,-2.323699951171875,3.80995774269104,0.3067518174648285,pop
pop.00009.wav,0.454810231924057,0.15971148014068604,3279.877315074988,3026.391117942676,6953.099622224507,0.17281943873355263,-35.27702713012695,61.24210739135742,14.066685676574707,28.67101287841797,4.330268859863281,-1.3555810451507568,-0.7924993634223938,5.127177715301514,5.358479976654053,1.2240726947784424,-7.257869243621826,-0.5188905596733093,0.21291840076446533,-1.294659972190857,-0.10562591999769211,-1.2458786964416504,-2.5284552574157715,0.5710326433181763,1.5694336891174316,-1.7248731851577759,pop
pop.00010.wav,0.3779979944229126,0.18406355381011963,1901.3067652610666,2420.845769463947,4192.1163175128195,0.06621728666795666,-111.10797119140625,103.11099243164062,10.89672565460205,34.3448486328125,22.33899688720703,17.876333236694336,6.807190895080566,6.336710453033447,5.485635757446289,0.6219684481620789,0.3334771990776062,3.8183979988098145,2.0397305488586426,-5.525052547454834,1.207869529724121,0.4002019464969635,0.33100882172584534,1.6751185655593872,-4.055871963500977,-6.402560710906982,pop
reggae.00001.wav,0.34895700216293335,0.08205480873584747,1638.9825872086217,1995.452644538772,3575.170048102506,0.06396144241002322,-190.8881072998047,127.40264892578125,-3.757145881652832,26.70825958251953,-12.800061225891113,23.930133819580078,-8.221105575561523,9.9663667678833,-12.227131843566895,13.441871643066406,-7.072760105133057,1.645625114440918,-14.514294624328613,-3.2235095500946045,-10.448979377746582,-3.4928696155548096,-9.74347972869873,-3.913684129714966,-7.65074348449707,-3.5454752445220947,reggae
reggae.00002.wav,0.3785554766654968,0.09250539541244507,1797.3172386292824,2103.190592343633,3926.517923549971,0.07512652984713622,-189.01499938964844,110.83622741699219,2.972238540649414,48.39060974121094,-6.403994560241699,20.733057022094727,-12.544839859008789,15.886760711669922,-13.603107452392578,9.424751281738281,-8.029343605041504,8.097780227661133,-10.627107620239258,-2.5450401306152344,-4.712322235107422,-1.0353987216949463,-3.207944631576538,2.6998798847198486,-3.979346990585327,2.879190683364868,reggae
reggae.00003.wav,0.3913208246231079,0.09423468261957169,1923.983365813952,2107.8784852736835,4154.824876342395,0.08493448263351393,-201.122314453125,104.14149475097656,-15.468361854553223,30.807064056396484,14.258642196655273,31.426044464111328,-7.866821765899658,17.962182998657227,-4.052098751068115,16.943931579589844,-11.215211868286133,12.124524116516113,-5.289063453674316,-0.6868352293968201,-1.3844820261001587,3.9319403171539307,-5.864139080047607,1.0424937009811401,-2.982668399810791,-1.3605635166168213,reggae
reggae.00004.wav,0.40194445848464966,0.10110019892454147,2009.3311077034016,2141.0332689836273,4303.565643593992,0.08446849905669504,-175.61325073242188,104.90165710449219,-15.68045711517334,27.540851593017578,-8.106827735900879,24.004098892211914,-10.33084774017334,18.853900909423828,-8.383971214294434,11.846940040588379,-7.590569972991943,12.55148983001709,-6.04472017288208,2.4975223541259766,1.916998267173767,7.144191265106201,-3.3793163299560547,12.448484420776367,-3.344722032546997,0.7513071298599243,reggae
reggae.00005.wav,0.3646724820137024,0.10040460526943207,1798.7132327981028,1964.1628127405118,3796.9270405016446,0.07305095660797213,-176.6666259765625,116.82688903808594,-21.31777572631836,38.748069763183594,-5.462100028991699,26.609323501586914,-8.170220375061035,15.7698392868042,-10.481633186340332,11.030702590942383,-10.049500465393066,9.910045623779297,-3.244544267654419,2.818175792694092,-2.5263471603393555,-1.4112625122070312,-9.88815975189209,3.0726194381713867,-0.2802349925041199,1.9863160848617554,reggae
reggae.00006.wav,0.34240061044692993,0.10515592247247696,1418.0744242587587,1704.6532771640607,2880.799246867744,0.060822383538119196,-207.33218383789062,134.68011474609375,-9.072893142700195,38.46809005737305,6.304174423217773,22.612205505371094,-8.298545837402344,16.304298400878906,-8.460582733154297,4.159189224243164,-4.344093322753906,6.355914115905762,-6.898153305053711,0.9595945477485657,-0.947160542011261,-2.540444850921631,-6.111971378326416,2.482433557510376,-6.1687164306640625,-4.580946445465088,reggae
reggae.00007.wav,0.38602182269096375,0.09059746563434601,1754.1606228972603,2026.1269641398383,3768.8688768321886,0.07391149562209752,-192.2386016845703,116.51351928710938,-10.945394515991211,29.902362823486328,-0.6537583470344543,21.42029571533203,-11.902586936950684,18.630104064941406,-13.080768585205078,14.458560943603516,-7.386015892028809,4.832030296325684,-2.8131167888641357,3.1155107021331787,-1.622101068496704,-2.389601707458496,-6.5177154541015625,-1.409468412399292,-5.537951946258545,-2.5554168224334717,reggae
reggae.00008.wav,0.3687944710254669,0.10191724449396133,1691.8767688676492,1963.6029169703143,3657.427884033959,0.06947274695239938,-194.57232666015625,118.55580139160156,-6.409181118011475,40.79783630371094,-3.287696361541748,25.47037696838379,-9.310226440429688,11.401007652282715,-6.148407459259033,15.340807914733887,-5.155267238616943,5.763484477996826,-6.2876996994018555,5.86793851852417,-2.8002853393554688,2.5843968391418457,-4.748138427734375,4.531939506530762,-3.1895792484283447,-0.31483161449432373,reggae
reggae.00009.wav,0.38302165269851685,0.08667048066854477,1609.6414580619628,1990.6988332814403,3269.546896163893,0.06057597535313467,-232.62432861328125,131.23941040039062,2.6970129013061523,18.373699188232422,11.351662635803223,22.926807403564453,-10.464259147644043,16.754791259765625,-15.247323989868164,15.531518936157227,-8.37722110748291,8.02678394317627,-3.7762508392333984,3.1210923194885254,-1.4063518047332764,3.2619175910949707,-4.098596572875977,2.941136121749878,0.38120758533477783,0.007292378228157759,reggae
reggae.00010.wav,0.2948433458805084,0.06166909262537956,2149.7335607171062,2036.8963594563222,4427.664893182808,0.10279038373161764,-233.60243225097656,87.51119995117188,-22.225229263305664,52.06116485595703,-8.593140602111816,24.991315841674805,-18.240995407104492,1.899645209312439,-9.137418746948242,-0.22975102066993713,-17.062294006347656,-3.016606092453003,-9.786561965942383,-8.782512664794922,-7.717005252838135,-2.1814675331115723,-13.64812183380127,-6.484598636627197,-9.146074295043945,-12.721853256225586,reggae
rock.00001.wav,0.3655248284339905,0.18054315447807312,1529.3454638808878,1845.4233876403491,3271.6635500314437,0.054981526944659444,-111.13629913330078,134.15948486328125,-24.647953033447266,41.54462432861328,-3.0571227073669434,28.483068466186523,-10.571674346923828,14.921675682067871,-14.384825706481934,8.840185165405273,-4.542452335357666,9.93936824798584,-4.6650004386901855,3.626332998275757,-5.54111909866333,3.3648011684417725,-4.9425201416015625,-1.4728665351867676,0.10088548809289932,-5.332558631896973,rock
rock.00002.wav,0.43686190247535706,0.14862827956676483,1874.8616424229356,1984.1151601036784,3929.959569405476,0.0767569054760062,-120.46870422363281,117.58883666992188,-27.590702056884766,42.83073425292969,-6.745392322540283,21.65568733215332,-12.099459648132324,17.936084747314453,-10.442194938659668,12.276973724365234,-6.555901527404785,13.527702331542969,-2.4095327854156494,6.698460578918457,-3.146174907684326,5.464842796325684,-2.244105100631714,1.051667332649231,-1.6554945707321167,-0.04324197769165039,rock
rock.00003.wav,0.3800165057182312,0.15122610330581665,1421.568971326569,1902.883343778896,3042.739934301229,0.04309724506578947,-156.60296630859375,130.68650817871094,-1.4570207595825195,36.22092819213867,0.38832223415374756,31.983890533447266,-0.6186351180076599,20.13457489013672,-11.338956832885742,13.837786674499512,-3.768496513366699,11.535877227783203,-3.217205047607422,5.065079689025879,-1.784672737121582,3.535590171813965,-2.447572946548462,-0.7176262736320496,-1.4132654666900635,0.6376235485076904,rock
rock.00004.wav,0.37283411622047424,0.20874282717704773,1345.8507628588268,1841.7480326585858,2939.265559996614,0.04109914679276316,-127.94686889648438,134.44387817382812,1.0273317098617554,54.440982818603516,-0.46490591764450073,35.82954025268555,-10.860896110534668,16.383277893066406,-10.030961036682129,6.6020612716674805,-6.700005054473877,11.043713569641113,-8.385375022888184,2.1110188961029053,-6.338261127471924,0.9973835349082947,-5.325869083404541,-0.8421909809112549,-4.6659955978393555,-4.787676811218262,rock
rock.00005.wav,0.37677985429763794,0.2037845253944397,1542.2059103732593,1591.9246700420429,2870.199310964106,0.07701994243421052,-62.34838104248047,153.77078247070312,-55.11284637451172,28.016489028930664,-6.844084739685059,17.47686004638672,-22.603343963623047,18.14162254333496,-12.58387279510498,4.493735313415527,-8.383072853088379,7.204514026641846,-2.524919271469116,4.834071636199951,-6.272216796875,-0.7258298993110657,-2.2772035598754883,-5.243363380432129,-5.218907356262207,-6.2797088623046875,rock
rock.00006.wav,0.34447208046913147,0.18016302585601807,1675.4753693024018,1653.4228597590866,3253.5636594790053,0.0872942567240712,-98.3563232421875,136.611572265625,-46.7005729675293,46.457298278808594,-17.135581970214844,10.505284309387207,-14.554868698120117,16.543106079101562,-12.317911148071289,3.689542293548584,-12.64754867553711,2.9458630084991455,-12.509210586547852,0.09133604168891907,-0.7747802734375,-5.700101375579834,-8.630915641784668,-1.9038028717041016,-2.1967523097991943,-3.395148515701294,rock
rock.00007.wav,0.3592967092990875,0.15709424018859863,1282.1962921626962,1729.6369508624116,2675.8171530330883,0.04718867913119195,-140.4254913330078,149.2989959716797,-10.057331085205078,38.74587631225586,1.544877290725708,20.122806549072266,-11.320072174072266,16.283233642578125,-13.240577697753906,10.186500549316406,-9.246529579162598,4.695918560028076,-8.369732856750488,2.2772409915924072,-6.510627269744873,-1.6249359846115112,-6.497938632965088,-4.727855682373047,-2.574812412261963,-1.7866169214248657,rock
rock.00008.wav,0.40874776244163513,0.26091423630714417,1717.3122050786494,1842.5005611114718,3362.7213327508225,0.0849809676131966,-14.910252571105957,138.4201202392578,-41.889427185058594,22.07024383544922,-18.66063690185547,31.994630813598633,-20.366151809692383,15.689840316772461,-17.350269317626953,14.86121654510498,-8.898566246032715,12.247994422912598,-5.819693565368652,9.968249320983887,-3.1631155014038086,1.9760277271270752,-6.923685073852539,3.121398448944092,-2.9872241020202637,-6.6779255867004395,rock
rock.00009.wav,0.37662652134895325,0.12826646864414215,1181.5423696879968,1607.8772731993834,2367.9523479827785,0.04254093701625387,-178.56602478027344,153.98963928222656,-4.952488422393799,21.928730010986328,-2.0587878227233887,23.67986488342285,-1.2911592721939087,11.557699203491211,-6.039841175079346,4.954764366149902,-2.9514260292053223,5.407376289367676,-4.119546413421631,2.9827539920806885,-5.326301097869873,-8.826265335083008,-11.074743270874023,-3.2140462398529053,3.852555751800537,3.555839776992798,rock
rock.00010.wav,0.39819133281707764,0.15352222323417664,1857.8631159463744,2182.3663828241056,4191.541320989744,0.07170251427051083,-108.95855712890625,114.9517822265625,-5.195615768432617,46.20489501953125,-9.1295166015625,20.51255989074707,-17.022558212280273,24.212265014648438,-8.0552978515625,13.435376167297363,-18.379749298095703,8.585697174072266,-11.40404987335205,1.8816146850585938,-10.552553176879883,-0.26112231612205505,-11.797401428222656,-6.50372314453125,-4.305110931396484,-2.7413673400878906,rock
